<?xml version="1.0" encoding="UTF-8"?>
<beans xmlns="http://www.springframework.org/schema/beans"
    xmlns:xsi="http://www.w3.org/2001/XMLSchema-instance"
    xmlns:aop="http://www.springframework.org/schema/aop"
    xmlns:context="http://www.springframework.org/schema/context" xsi:schemaLocation="
        http://www.springframework.org/schema/beans http://www.springframework.org/schema/beans/spring-beans.xsd
        http://www.springframework.org/schema/context http://www.springframework.org/schema/context/spring-context.xsd
         http://www.springframework.org/schema/aop http://www.springframework.org/schema/aop/spring-aop.xsd">

  <!--   bean definitions here 
  		Beans for Exercise-5
    <bean id = "bookRepository" class="com.library1.repository.BookRepository"></bean>
    <bean id = "bookService" class="com.library1.service.BookService">
    	<property name="bookRepo" ref= "bookRepository"></property>
    </bean>
-->

	<aop:aspectj-autoproxy/>
	<!--Enable component Scanning Exercise-6 -->
	<context:component-scan base-package = "com.library1"/>
	
	<bean id = "bookRepository" class="com.library1.repository.BookRepository"></bean>
	
	<bean id = "bookService" class="com.library1.service.BookService">
		<!--constructor injection Exercise - 7-->
		<constructor-arg ref="bookRepository"></constructor-arg>
		
		<!--setter injection Exercise - 7-->
		<property name="bookRepo" ref="bookRepository"></property>
	</bean>
		
		
</beans>