<?xml version="1.0" encoding="UTF-8"?>
<beans xmlns="http://www.springframework.org/schema/beans"
    xmlns:xsi="http://www.w3.org/2001/XMLSchema-instance"
     xmlns:aop="http://www.springframework.org/schema/aop" xsi:schemaLocation="
        http://www.springframework.org/schema/beans http://www.springframework.org/schema/beans/spring-beans.xsd
        http://www.springframework.org/schema/aop http://www.springframework.org/schema/aop/spring-aop.xsd"> 
   <aop:aspectj-autoproxy/>
        

    <!-- bean definitions here -->
    <bean id = "bookRepo" class="com.library.repository.BookRepository"></bean>
	<bean id = "bookService" class = "com.library.service.BookService">
	<!--exercise -2 setter dependency Injection-->
		<property name="bookRepository" ref="bookRepo"></property>
	</bean>
	<bean id = "loggingAspect" class="com.library.aspect.LoggingAspect"></bean>
	<aop:config>
		<aop:aspect id = "LoggingAspect" ref= "loggingAspect">
			<aop:pointcut id = "bookServiceMethods" expression = "execution(* com.library.service.BookService.*(..))"/>
			<aop:around pointcut-ref = "bookServiceMethods" method = "logExecutionTime"/>
		</aop:aspect>
	</aop:config>
</beans>